,Compound Score,Negative Score,Neutral Score,Positive Score,Source,Text,Tweets Ago
0,0.0,0.0,1.0,0.0,CNN,"RT @cnnbrk: After Trump reversed his position on a G7 statement, Sen. McCain said to US allies: ""Americans stand with you, even if our Pres‚Ä¶",0.0
1,-0.6486,0.218,0.782,0.0,CNN,News of Anthony Bourdain‚Äôs death shook people around the world. We asked for your stories of how this gifted storyt‚Ä¶ https://t.co/FBT6PiNiuT,1.0
2,0.5859,0.0,0.847,0.153,CNN,"One step on the island of Bermuda, and it's impossible not to be moved by its beauty, history, simplicity and charm‚Ä¶ https://t.co/EFfFTW85e1",2.0
3,0.0,0.0,1.0,0.0,CNN,"As the millions of US children diagnosed with ADHD move into adulthood, more and more are wondering whether to cont‚Ä¶ https://t.co/KyyWswuJUN",3.0
4,-0.6901,0.262,0.738,0.0,CNN,"President Trump calls Canadian Prime Minister Justin Trudeau ""very dishonest and weak,"" accusing him of making ""fal‚Ä¶ https://t.co/fj0JucTrXy",4.0
5,0.6124,0.0,0.762,0.238,CNN,"Does a pharmacy have an obligation to help a patient be sure that insurance will cover a prescription?

That's the‚Ä¶ https://t.co/luJqdfSzRj",5.0
6,-0.5994,0.151,0.849,0.0,CNN,Construction workers in the UK have found wads of cash dating back to World War II at a shop that once belonged to‚Ä¶ https://t.co/wYZnzHjRli,6.0
7,-0.296,0.176,0.824,0.0,CNN,"Charles Krauthammer, the famed conservative columnist, informed readers that he is confronting an aggressive form o‚Ä¶ https://t.co/xEzj6dMTcl",7.0
8,0.8176,0.0,0.681,0.319,CNN,BREAKING: Justify wins the 150th running of the Belmont Stakes to win horse racing‚Äôs 13th Triple Crown https://t.co/TUE8Wwe8FS,8.0
9,0.765,0.145,0.526,0.329,CNN,The race to save the Great Barrier Reef? A coral fertility treatment designed to help damaged parts of the reef is‚Ä¶ https://t.co/3nTj0nA5h9,9.0
10,0.5859,0.074,0.703,0.223,CNN,"Tyler Soloman wiped tears of joy off his face after his father, who'd been deployed overseas, surprised Tyler by sh‚Ä¶ https://t.co/8rub7aG2Ej",10.0
11,-0.6486,0.218,0.782,0.0,CNN,News of Anthony Bourdain‚Äôs death shook people around the world. We asked for your stories of how this gifted storyt‚Ä¶ https://t.co/YYJPIxu1zN,11.0
12,0.2732,0.0,0.9,0.1,CNN,"First responders in Russellville, Arkansas, went above and beyond the call of duty to surprise a teen with autism a‚Ä¶ https://t.co/h96qLLu7qu",12.0
13,-0.5574,0.159,0.841,0.0,CNN,"Danny Kirwan, a guitarist who appeared on five of Fleetwood Mac's albums, died in London on Friday, according to th‚Ä¶ https://t.co/KUwHtJ6ins",13.0
14,-0.296,0.115,0.885,0.0,CNN,JUST IN: Canadian Prime Minister Justin Trudeau says he will impose retaliatory measures to answer President Trump'‚Ä¶ https://t.co/AiVDwmzMvV,14.0
15,0.5927,0.0,0.815,0.185,CNN,"Her rare skin condition keeps her indoors, but she braved the sun to walk at graduation https://t.co/ZkdCAXZwUE https://t.co/k6YeRZ6lI0",15.0
16,-0.1027,0.072,0.928,0.0,CNN,An internal Census Bureau memo sent to Commerce Secretary Wilbur Ross warns that adding a citizenship question to t‚Ä¶ https://t.co/0AZC4nYfN2,16.0
17,0.0,0.0,1.0,0.0,CNN,Secretary of State Mike Pompeo reiterated US calls for North Korea to completely rid itself of all remnants of its‚Ä¶ https://t.co/3RxJpEMn3K,17.0
18,-0.4767,0.154,0.846,0.0,CNN,Syracuse University has suspended 15 members of a professional fraternity after they appeared in videos that the sc‚Ä¶ https://t.co/X6Bs6DkczE,18.0
19,0.0,0.0,1.0,0.0,CNN,Porsche's first electric car will be called the Taycan https://t.co/Wxy5sh45nm https://t.co/3m7qXCcg2J,19.0
20,0.6705,0.085,0.618,0.297,CNN,"There was nobody like Anthony Bourdain, and there was no show like #PartsUnknown. CNN pays tribute with a special n‚Ä¶ https://t.co/9TgJMgP7Kc",20.0
21,0.6486,0.0,0.762,0.238,CNN,"President Trump says his relationships with other Western leaders are perfect, but the truth is the transatlantic a‚Ä¶ https://t.co/o0UsVXeClf",21.0
22,0.0,0.0,1.0,0.0,CNN,"Prince Harry and Meghan, Duchess of Sussex, joined celebrations of Queen Elizabeth II's official birthday with the‚Ä¶ https://t.co/c6kvYJ2vwn",22.0
23,0.539,0.0,0.852,0.148,CNN,President Trump on the upcoming North Korea meeting: ‚ÄúI really feel confident. I feel that Kim Jong Un wants to do‚Ä¶ https://t.co/9jM2GjrhxU,23.0
24,0.5859,0.0,0.847,0.153,CNN,"One step on the island of Bermuda, and it's impossible not to be moved by its beauty, history, simplicity and charm‚Ä¶ https://t.co/EOxmxM76Kk",24.0
25,0.3612,0.0,0.878,0.122,CNN,"Will we ever fly like the Jetsons? This company just unveiled its first commercial flying car, Flyer ‚Äî and‚Ä¶ https://t.co/bZV351RYJz",25.0
26,-0.7269,0.319,0.681,0.0,CNN,A man in Texas nearly died after the severed head of a rattlesnake bit him https://t.co/bqHnciUgf3 https://t.co/NmnJLHs3Hz,26.0
27,-0.6486,0.218,0.782,0.0,CNN,News of Anthony Bourdain‚Äôs death shook people around the world. We asked for your stories of how this gifted storyt‚Ä¶ https://t.co/lzZyRpT9Co,27.0
28,-0.7506,0.274,0.726,0.0,CNN,"Authorities have found the remains of a woman killed by an alligator in Davie, Florida. The woman disappeared Frida‚Ä¶ https://t.co/MlDdA6jk5h",28.0
29,0.0,0.0,1.0,0.0,CNN,The small (but not insignificant) ways Anthony Bourdain made a difference in the lives of some everyday people‚Ä¶ https://t.co/TMK8f9nYfC,29.0
30,0.3291,0.0,0.907,0.093,CNN,"In the history of horse racing, only 12 horses have ever won the fabled Triple Crown. But why is this trophy so dif‚Ä¶ https://t.co/gDu0o6AgPX",30.0
31,0.0,0.0,1.0,0.0,CNN,"President Trump, while making remarks at the G7 summit, says he has not spoken to Vladimir Putin in ""quite a while,‚Ä¶ https://t.co/4qmAImsiL4",31.0
32,0.0,0.0,1.0,0.0,CNN,This computer can do more calculations per second than the world's population could do in a year‚Ä¶ https://t.co/wqlDQvYF3L,32.0
33,0.4215,0.0,0.882,0.118,CNN,"At the G7 meeting, President Trump called for an end to tariffs and scolded other countries for using the United St‚Ä¶ https://t.co/KG7SFGii09",33.0
34,0.4215,0.0,0.781,0.219,CNN,BlackBerry still hopes its keyboard keeps fans coming back https://t.co/AodQi1CBVV https://t.co/8KbIHW3k74,34.0
35,0.765,0.145,0.526,0.329,CNN,The race to save the Great Barrier Reef? A coral fertility treatment designed to help damaged parts of the reef is‚Ä¶ https://t.co/MD6vhMxOh8,35.0
36,0.0,0.0,1.0,0.0,CNN,"What is a tariff? Your trade questions, answered https://t.co/AIJVEEOzHM https://t.co/HT5UJDzzjl",36.0
37,0.0,0.0,1.0,0.0,CNN,A Sikh soldier wore a turban in Queen Elizabeth ll's official birthday parade https://t.co/LK0fihnFB2 https://t.co/142baFgcVA,37.0
38,0.0,0.0,1.0,0.0,CNN,A former diplomat at the Vatican Embassy in Washington has been indicted by a Vatican court for possession of child‚Ä¶ https://t.co/CSRKlOzeg8,38.0
39,0.2732,0.221,0.514,0.265,CNN,Simona Halep wins first grand slam title by beating Sloane Stephens at the French Open https://t.co/0tMJbvB40e https://t.co/s3YRroOgXu,39.0
40,-0.4019,0.119,0.881,0.0,CNN,President Trump doubles down on his call for Russia to be readmitted into the G7 and blames former President Obama‚Ä¶ https://t.co/3zkWB92wwY,40.0
41,-0.7506,0.33,0.67,0.0,CNN,The Trump administration's latest attack on Obamacare would gut protections for the sick https://t.co/ikBcCkGeAT https://t.co/ehXI4vF0vc,41.0
42,-0.5994,0.151,0.849,0.0,CNN,Construction workers in the UK have found wads of cash dating back to World War II at a shop that once belonged to‚Ä¶ https://t.co/Zuo9XcYf9a,42.0
43,0.4404,0.0,0.868,0.132,CNN,"Anthony Bourdain's fans turned the restaurant where he shot to fame as a chef into a memorial, leaving roses and no‚Ä¶ https://t.co/5fg9y1cERL",43.0
44,0.7717,0.0,0.749,0.251,CNN,"Hall of Fame trainer Bob Baffert, who is looking to make history with a win today at the Belmont Stakes, compares h‚Ä¶ https://t.co/sUsVNh98tA",44.0
45,0.0,0.0,1.0,0.0,CNN,"The week began with news of Trump canceling the Philadelphia Eagles' visit to the White House, and ended with news‚Ä¶ https://t.co/H1ILtBxF1W",45.0
46,0.2023,0.0,0.913,0.087,CNN,Illinois Republicans in Congress are making an urgent plea to President Trump: Don't let Rod Blagojevich off the ho‚Ä¶ https://t.co/L4UPCaV1kD,46.0
47,0.1779,0.097,0.773,0.13,CNN,Former Trump campaign chairman Paul Manafort and his attorneys struck back at special counsel Robert Mueller's char‚Ä¶ https://t.co/m4eIhVUiWL,47.0
48,-0.296,0.176,0.824,0.0,CNN,"Charles Krauthammer, the famed conservative columnist, informed readers that he is confronting an aggressive form o‚Ä¶ https://t.co/7vTbQ8M6D8",48.0
49,0.0,0.0,1.0,0.0,CNN,"Prince Harry and Meghan, Duchess of Sussex, joined celebrations of Queen Elizabeth II's official birthday with the‚Ä¶ https://t.co/UkiwKzYsxC",49.0
50,-0.4585,0.187,0.813,0.0,CNN,Republicans haven't won statewide in Virginia since 2009. Tuesday's Senate primary shows why:‚Ä¶ https://t.co/xkWpPfkUCE,50.0
51,-0.0772,0.067,0.933,0.0,CNN,President Trump says he thinks he‚Äôll know ‚Äúwithin the first minute‚Äù if North Korea is serious about peace‚Ä¶ https://t.co/kRdFefn4fN,51.0
52,0.6597,0.0,0.822,0.178,CNN,"RT @CNNPolitics: Trump: ""I think it would be asset to have Russia back in. I think it would be good for the world. I think it would be good‚Ä¶",52.0
53,0.2732,0.0,0.884,0.116,CNN,"""Consumer Financial Protection Bureau acting director Mick Mulvaney has ousted a committed group of experts who vol‚Ä¶ https://t.co/l36frkFEtw",53.0
54,0.539,0.0,0.852,0.148,CNN,President Trump on the upcoming North Korea meeting: ‚ÄúI really feel confident. I feel that Kim Jong Un wants to do‚Ä¶ https://t.co/D0Fi57k3zj,54.0
55,-0.3412,0.211,0.789,0.0,CNN,Things don't look good for Dodge and Chrysler https://t.co/twYdKzCpZ4 https://t.co/9aKZvGnuQG,55.0
56,0.5574,0.0,0.813,0.187,CNN,"President Trump: Trade was ""at the top of the list"" at G7 discussions because ""the United States has been taken adv‚Ä¶ https://t.co/u6247HzPsj",56.0
57,0.0,0.0,1.0,0.0,CNN,President Trump is speaking at the G7 before heading to Singapore for the summit with Kim Jong Un. Watch live on CN‚Ä¶ https://t.co/dNYLQOvVEk,57.0
58,0.0,0.0,1.0,0.0,CNN,President Trump is planning to depart the G7 ahead of climate change talks https://t.co/bfFqMKTIrg https://t.co/6PkzSs4guA,58.0
59,0.34,0.0,0.888,0.112,CNN,Former President Obama says he‚Äôll always remember the meal he shared with Anthony Bourdain in Vietnam: ‚ÄúHe taught u‚Ä¶ https://t.co/XI67jcoy55,59.0
60,-0.3818,0.167,0.833,0.0,CNN,President Trump's tariffs on steel and aluminum threaten America's booming RV industry https://t.co/FxOEFN6Sx2 https://t.co/zpDj0uGxRI,60.0
61,0.0,0.0,1.0,0.0,CNN,"What is a tariff? Your trade questions, answered https://t.co/8Fylq20zXj https://t.co/pSfQJhAnZR",61.0
62,0.5719,0.0,0.829,0.171,CNN,The Duke and Duchess of Sussex celebrate Queen Elizabeth II's official birthday with the traditional Trooping the C‚Ä¶ https://t.co/L2o8IJcNej,62.0
63,0.5859,0.0,0.847,0.153,CNN,"One step on the island of Bermuda, and it's impossible not to be moved by its beauty, history, simplicity and charm‚Ä¶ https://t.co/mPpGOqifbk",63.0
64,0.0,0.0,1.0,0.0,CNN,"As the millions of US children diagnosed with ADHD move into adulthood, more and more are wondering whether to cont‚Ä¶ https://t.co/Qs5xlj8fwK",64.0
65,0.0,0.119,0.763,0.119,CNN,"Fans around the world mourn chef and storyteller Anthony Bourdain, sharing memories of how his travels, food and co‚Ä¶ https://t.co/jiW8HhY9ia",65.0
66,0.6124,0.0,0.762,0.238,CNN,"Does a pharmacy have an obligation to help a patient be sure that insurance will cover a prescription?

That's the‚Ä¶ https://t.co/2Jxsnx7cI0",66.0
67,0.3818,0.0,0.698,0.302,CNN,Twitter has had a stunning turnaround https://t.co/hzutT84IrC https://t.co/AK7R50K5mh,67.0
68,0.4939,0.0,0.856,0.144,CNN,IHOP says it's changing name to IHOb. Many major companies also have rebranded ‚Äî some successfully and some not so‚Ä¶ https://t.co/Xz5NjtpaqH,68.0
69,0.4576,0.0,0.786,0.214,CNN,Mars is suddenly more interesting | By Jonathan Lunine via @CNNOpinion https://t.co/EA2ETHIldR https://t.co/fgmZax7nwV,69.0
70,-0.5994,0.151,0.849,0.0,CNN,Construction workers in the UK have found wads of cash dating back to World War II at a shop that once belonged to‚Ä¶ https://t.co/TYdsjSziK7,70.0
71,0.0,0.0,1.0,0.0,CNN,"During her commencement address to the MIT Class of 2018, Facebook COO Sheryl Sandberg spoke candidly about Faceboo‚Ä¶ https://t.co/hznkJTzAPH",71.0
72,-0.296,0.176,0.824,0.0,CNN,"Charles Krauthammer, the famed conservative columnist, informed readers that he is confronting an aggressive form o‚Ä¶ https://t.co/H6R3LykoER",72.0
73,0.3612,0.0,0.878,0.122,CNN,"Will we ever fly like the Jetsons? This company just unveiled its first commercial flying car, Flyer ‚Äî and‚Ä¶ https://t.co/uRJsH7yPmG",73.0
74,0.765,0.145,0.526,0.329,CNN,The race to save the Great Barrier Reef? A coral fertility treatment designed to help damaged parts of the reef is‚Ä¶ https://t.co/AGpnS1dn0C,74.0
75,-0.4588,0.143,0.857,0.0,CNN,"Organizers of a fashion show in Saudi Arabia used drones to display female clothes, drawing ridicule on social medi‚Ä¶ https://t.co/cgo5HTjIJd",75.0
76,0.0,0.0,1.0,0.0,CNN,"From delivery to aviation, Dubai is at the forefront of drone experimentation. Here's a look at what the future hol‚Ä¶ https://t.co/IZMve8IRLb",76.0
77,0.0,0.0,1.0,0.0,CNN,Are windowless planes the future of travel? https://t.co/Fjc2m6WgtG https://t.co/ux29QpKXWA,77.0
78,0.0,0.0,1.0,0.0,CNN,"Hurricanes and tropical storms are moving more slowly around the planet, resulting in higher rainfall and more extr‚Ä¶ https://t.co/8qyqjq9IGd",78.0
79,0.4019,0.0,0.87,0.13,CNN,"The Afghan Taliban called for a three-day ceasefire with Afghan forces over the Eid al-Fitr holiday, a move that fo‚Ä¶ https://t.co/BLmTAtjmRg",79.0
80,0.5859,0.074,0.703,0.223,CNN,"Tyler Soloman wiped tears of joy off his face after his father, who'd been deployed overseas, surprised Tyler by sh‚Ä¶ https://t.co/uzD0GNZH2P",80.0
81,0.0,0.0,1.0,0.0,CNN,"Penguins, Seals, and Krill: Antarctica's fragile food chain | via @CNNVR https://t.co/1BBRFfOzWk https://t.co/G46D0CB0wY",81.0
82,0.0,0.0,1.0,0.0,CNN,Anthony Bourdain's life in pictures https://t.co/76sjWPlMRR https://t.co/MtFAqaoDvC,82.0
83,-0.6124,0.238,0.762,0.0,CNN,"The US Embassy in Mozambique has warned of ""imminent attacks"" against government and commercial centers in a northe‚Ä¶ https://t.co/EoDJsFFoOM",83.0
84,0.6369,0.0,0.794,0.206,CNN,Egypt is building The Grand Egyptian Museum. The cost? More than $1 billion. It will re-house and restore some of t‚Ä¶ https://t.co/R5c8mOlfrv,84.0
85,0.3612,0.089,0.751,0.16,CNN,The Justice Department won't defend the Deferred Action for Childhood Arrivals program in a federal lawsuit that Te‚Ä¶ https://t.co/0IJPEuEAF0,85.0
86,0.0,0.0,1.0,0.0,CNN,President Trump is dressed as a king on the new Time magazine cover https://t.co/7pFcAHVSIF https://t.co/joUPfVBvUY,86.0
87,0.2732,0.0,0.9,0.1,CNN,"First responders in Russellville, Arkansas, went above and beyond the call of duty to surprise a teen with autism a‚Ä¶ https://t.co/QtTP3JEFVL",87.0
88,0.0,0.0,1.0,0.0,CNN,The world's highest glass bridge will soon be home to the world's highest bungee jump https://t.co/fAaotSRizW via‚Ä¶ https://t.co/t4WbdUBMFL,88.0
89,0.0,0.0,1.0,0.0,CNN,"Steamboat Geyser in Yellowstone National Park is erupting unusually often. One June 4, the geyser had its eighth er‚Ä¶ https://t.co/kzJPr5HFmj",89.0
90,-0.2732,0.104,0.896,0.0,CNN,"Researchers are looking into the possibility of using blood tests to predict a woman's risk of premature birth, whi‚Ä¶ https://t.co/vJZFkJZz7U",90.0
91,0.0,0.0,1.0,0.0,CNN,Watch these homes being built using a 3D printer https://t.co/igaBP4k4F8 https://t.co/cpQ97vRD2k,91.0
92,0.0,0.0,1.0,0.0,CNN,KFC says it will break with its meat-loving tradition and begin testing a vegetarian alternative to chicken later t‚Ä¶ https://t.co/WfVJGm649F,92.0
93,0.2263,0.0,0.894,0.106,CNN,This Army soldier traveled from Iraq for his daughter‚Äôs graduation and surprised her at the rehearsal‚Ä¶ https://t.co/5UKjPCDo5W,93.0
94,0.0,0.0,1.0,0.0,CNN,This is the poem a kindergarten teacher hung up so her students know what to do in a school shooting‚Ä¶ https://t.co/Tf587ohFnZ,94.0
95,0.8519,0.0,0.646,0.354,CNN,Ever felt like your vacation would make a good blockbuster movie? This tour company aims to capture your travel exp‚Ä¶ https://t.co/DsmmE2rdJx,95.0
96,0.7351,0.0,0.677,0.323,CNN,This delivery man is being praised for taking a welcome mat's quirky instructions literally https://t.co/JTIKQxzCvS https://t.co/rZCmomGUOb,96.0
97,0.0258,0.0,0.942,0.058,CNN,Organic matter has been found on Mars in soil samples the Curiosity rover took from 3 billion-year-old mudstone in‚Ä¶ https://t.co/QrC1BQMFkl,97.0
98,0.4215,0.0,0.781,0.219,CNN,BlackBerry still hopes its keyboard keeps fans coming back https://t.co/AodQi1UcNt https://t.co/r2CaKtagX7,98.0
99,-0.3597,0.146,0.773,0.082,CNN,"Venezuela ranks as the most dangerous country in the world for the second straight year, according to a new Gallup‚Ä¶ https://t.co/ywDhdCxqJn",99.0
100,0.25,0.0,0.846,0.154,BBC,Sabrina Simader: 'I realised my Winter OIympics skiing dream for Kenya' https://t.co/RDSobGKLqC,
101,0.0,0.0,1.0,0.0,BBC,Serial poopers: What makes people poo in public places? https://t.co/S6ONUPukrF,
102,0.0,0.0,1.0,0.0,BBC,Donating money to homeless people using your phone https://t.co/IVR4az9VH7,
103,0.0,0.0,1.0,0.0,BBC,The Belgian students revising with monks at a monastery https://t.co/DgQqx4kblg,
104,-0.3182,0.187,0.813,0.0,BBC,The other Balochistan: Six stories of life in a conflict zone https://t.co/z1VypEcqAD,
105,-0.4404,0.367,0.633,0.0,BBC,Long watch: Russia's dirty secret https://t.co/NvTiqgmgCv,
106,0.0,0.0,1.0,0.0,BBC,G7 summit: $3bn pledge for girls' education https://t.co/lzB0N8d2dG,
107,0.3309,0.0,0.728,0.272,BBC,G7 commits to 'rules-based trading system' despite tensions with US https://t.co/lF9GGvnUlW,
108,-0.5106,0.32,0.68,0.0,BBC,UN condemns Central African Republic hospital raids https://t.co/93Wa37cReV,
109,0.5423,0.0,0.741,0.259,BBC,Trump: Kim has one shot at peace at Singapore summit https://t.co/BA8DNNKFPu,
110,-0.6486,0.431,0.569,0.0,BBC,Disruptive passenger on Jet2 flight banned for life https://t.co/Y0tzheYt6b,
111,0.0258,0.111,0.773,0.116,BBC,Inside Afghanistan's only secure psychiatric unit.  The BBC investigates the lasting effects of conflict in the cou‚Ä¶ https://t.co/pUmnntT4C7,
112,0.3612,0.0,0.857,0.143,BBC,"Russian workers being taught how to smile more ahead of the World Cup 
‚ò∫Ô∏è‚ò∫Ô∏è
https://t.co/WBNlLAf9Nt https://t.co/uyLxrpKct6",
113,-0.8225,0.458,0.542,0.0,BBC,Iraq arrests asylum seeker wanted in Germany for Wiesbaden murder https://t.co/mRHxslzEMD,
114,0.0,0.0,1.0,0.0,BBC,French Open 2018: Simona Halep beats Sloane Stephens in final https://t.co/HdiRgt3kuq,
115,0.5719,0.0,0.829,0.171,BBC,"RT @BBCNews: Trooping the Colour: Four things about the event that celebrates the Queen's official birthday
üëë
https://t.co/YHGc0NYNxv https‚Ä¶",
116,0.5423,0.0,0.851,0.149,BBC,"US President @realDonaldTrump says he is ""on a mission of peace"" when he travels to Singapore to meet Kim Jong-un f‚Ä¶ https://t.co/LyCpbbjImh",
117,0.5859,0.0,0.78,0.22,BBC,"""The United States has been taken advantage of for decades.. and we can't do that anymore""- US President‚Ä¶ https://t.co/iiAxrXtx8U",
118,0.0,0.0,1.0,0.0,BBC,"The first Bond girl, Eunice Grayson, dies at 90 https://t.co/iaWJA0aKui",
119,-0.802,0.419,0.581,0.0,BBC,"RT @BBCAfrica: MacBeth Sibaya: Racism in South Africa worse than Russia 

https://t.co/pfCrGOBoIS",
120,0.0,0.0,1.0,0.0,BBC,Vatican ex-diplomat on trial for 'child pornography' https://t.co/FQKuqa2yHw,
121,-0.4215,0.14,0.791,0.069,BBC,"Two men who look like Donald Trump and Kim Jong-un went for a walk in Singapore 
But are they fooling anyone? ü§î‚Ä¶ https://t.co/zVip7wCxvn",
122,0.0,0.0,1.0,0.0,BBC,RT @BBCNews: The Royal family watch the RAF flypast from Buckingham Palace. 23 aircraft are taking part to mark the Queen's official birthd‚Ä¶,
123,-0.7184,0.231,0.769,0.0,BBC,"RT @BBCNews: A 41 gun salute is fired to mark the Queen's official birthday at the Trooping the Colour ceremony in London 
#TroopingtheColo‚Ä¶",
124,0.5859,0.0,0.593,0.407,BBC,Climate change: Pope urges action on clean energy https://t.co/ANRAS2l9Bv,
125,0.0,0.0,1.0,0.0,BBC,John Lasseter: Disney animation head to quit after misconduct claims https://t.co/VbE84nBTtd,
126,0.1027,0.167,0.641,0.192,BBC,French Open 2018: Simona Halep aims for maiden Grand Slam title https://t.co/ygHKq9Q1mH,
127,0.0,0.0,1.0,0.0,BBC,RT @BBCNews: The Trooping the Colour parade which marks the Queen's official birthday is underway in London. The Queen and Duke and Duchess‚Ä¶,
128,0.0,0.0,1.0,0.0,BBC,Trump and Macron in handshake showdown at G7 summit https://t.co/ZlG6Um7Px8,
129,0.3612,0.0,0.8,0.2,BBC,Bride of Belsen Holocaust survivor Gena Turgel dies aged 95 https://t.co/XAZF4wgBUs,
130,0.0,0.0,1.0,0.0,BBC,"Form is temporary, class is permanent. Which counts more at the World Cup? 
‚öΩüèÉ‚Äç‚ôÇÔ∏è @BBCRealityCheck has crunched the‚Ä¶ https://t.co/XCRql73q54",
131,0.0,0.0,1.0,0.0,BBC,Game of Thrones: HBO orders spinoff prequel pilot https://t.co/S4ucN26bky,
132,0.0,0.0,1.0,0.0,BBC,G7 summit dogged by divisions between Trump and allies https://t.co/MHXoMA7KVo,
133,0.3612,0.0,0.737,0.263,BBC,Taliban agree three-day Eid ceasefire in Afghanistan https://t.co/WaVmsIdso0,
134,0.3182,0.145,0.611,0.244,BBC,Anthony Bourdain: Chef breaks into tears remembering his friend https://t.co/VMvl8KSq3W,
135,0.0,0.246,0.508,0.246,BBC,Jobless young Italians abandon charms of south https://t.co/FcqWWWTKu2,
136,-0.1027,0.123,0.877,0.0,BBC,India women pay tribute to Bollywood star Sridevi through cosplay https://t.co/rQjWBWWd3p,
137,-0.6369,0.318,0.682,0.0,BBC,Tayyaba abuse case shines light on Pakistan's child maids https://t.co/sXsjI8bXcA,
138,0.0,0.0,1.0,0.0,BBC,Maria Esther Bueno: Brazilian star of 1960s women's tennis dies https://t.co/hlcUIRhgcV,
139,0.0,0.0,1.0,0.0,BBC,Trump Kim summit: Who's pulling the strings? https://t.co/GROmz0qgIX,
140,0.0,0.0,1.0,0.0,BBC,Week in pictures: 2 - 8 June 2018 https://t.co/04QX8UWGZr,
141,0.0,0.0,1.0,0.0,BBC,Anthony Bourdain: Why his travel shows had global appeal https://t.co/lrP0LJKC7n,
142,-0.4939,0.262,0.738,0.0,BBC,China hackers steal data from US Navy contractor - reports https://t.co/A0UxMnLFFj,
143,0.3612,0.0,0.783,0.217,BBC,Why Russian workers are being taught how to smile https://t.co/K2vn2PyLt3,
144,0.4277,0.0,0.712,0.288,BBC,'They keep me here so I can't attack' https://t.co/uqG5k3pvIF,
145,-0.3612,0.2,0.8,0.0,BBC,Barbed wire and smuggled crabs: Watching North Korea from China https://t.co/Vjgk1HoL9H,
146,-0.6705,0.36,0.64,0.0,BBC,Why US suicide rate is on the rise https://t.co/6jqRzwhm8Q,
147,0.0,0.0,1.0,0.0,BBC,US election 2018: The women lining up to topple Trump https://t.co/LOGxNymdY4,
148,0.0,0.0,1.0,0.0,BBC,'Kim and Trump' buddy up in Singapore https://t.co/G0i7WJ60Kp,
149,0.0,0.0,1.0,0.0,BBC,Cuba 'sonic attack': US tests two more Havana embassy staff https://t.co/rUEbx6eGMs,
150,-0.6705,0.429,0.571,0.0,BBC,US soldier killed in Somalia firefight https://t.co/rEudHbzFIX,
151,0.0258,0.0,0.845,0.155,BBC,Why Turkey‚Äôs election matters to you https://t.co/ZvjTjYB9NB,
152,-0.2732,0.231,0.769,0.0,BBC,Mueller charges Manafort's right-hand man Konstantin Kilimnik https://t.co/q8UkWe7lxS,
153,0.0,0.0,1.0,0.0,BBC,"RT @BBCBreaking: World leaders assemble for 'family photo' at G7 summit in Canada 

https://t.co/9TJ4sS5Kev https://t.co/ZWUrmO3cV5",
154,0.0,0.0,1.0,0.0,BBC,Anthony Bourdain: Five of his tips for eating out https://t.co/LtHrUA3UZf,
155,0.4939,0.0,0.738,0.262,BBC,Could an emoji save your life in an earthquake? https://t.co/XYrmKybk1h,
156,0.2263,0.0,0.826,0.174,BBC,US 'grants extradition' of former Panama President Ricardo Martinelli https://t.co/UAW2FYapUv,
157,0.0,0.0,1.0,0.0,BBC,"RT @BBCSport: Incredible.

Rafael Nadal is in the French Open final AGAIN.

LIVEüëâhttps://t.co/9uGaa6ApEd
üìª @5livesport extra
#bbctennis #RG‚Ä¶",
158,0.0,0.0,1.0,0.0,BBC,Pilot dies after plane crash-lands in Melbourne https://t.co/EMeKHmKRYj,
159,0.0,0.0,1.0,0.0,BBC,Photojournalist Duncan dies aged 102 https://t.co/UiTmSm6hu9,
160,0.0,0.0,1.0,0.0,BBC,Alligator knocks out trapper in Florida https://t.co/tVJz096hfE,
161,0.4003,0.0,0.848,0.152,BBC,"üë® See you later alligator! 
üêä You're not getting rid of me that easily 

https://t.co/qQ1cgJlABC https://t.co/k42qn8mVcx",
162,0.7506,0.0,0.484,0.516,BBC,Anthony Bourdain tributes celebrate his #MeToo support https://t.co/NHWLK8aJEa,
163,-0.0258,0.189,0.629,0.182,BBC,Ghana football head Kwesi Nyantakyi banned by Fifa over 'cash gift' https://t.co/KsfCRCM7gT,
164,0.0,0.0,1.0,0.0,BBC,Congo warlord's conviction overturned https://t.co/5wXHGlhCwB,
165,-0.4767,0.181,0.819,0.0,BBC,RT @bbcworldservice: How these children in Uganda are being taught to spot 'fake news'. https://t.co/bFElDeRRfs,
166,0.5859,0.0,0.678,0.322,BBC,RT @BBCNews: The Queen has successful cataract operation https://t.co/xsbqmA0rT5,
167,0.0,0.0,1.0,0.0,BBC,Chimamanda Ngozi Adichie: Changing men and opening doors https://t.co/ByW9IlvCmJ,
168,-0.3182,0.247,0.753,0.0,BBC,The ghost village being reclaimed by nature https://t.co/vQ4NLtHSKq,
169,-0.9371,0.643,0.357,0.0,BBC,Susanna Feldman murder: Suspect in German teen's killing arrested in Iraq https://t.co/NzRl3TOjBY,
170,0.2263,0.131,0.654,0.215,BBC,Muhammad Ali: President Trump mulls draft dodging pardon https://t.co/sE4Vgx0o3z,
171,0.2023,0.0,0.816,0.184,BBC,South African company apologises for sexist beer campaign https://t.co/lio95mz2Vs,
172,-0.6486,0.158,0.842,0.0,BBC,"RT @BBCBreaking: US celebrity chef and writer Anthony Bourdain found dead in French hotel room at age of 61, his employer CNN says https://‚Ä¶",
173,-0.6486,0.35,0.65,0.0,BBC,Anthony Bourdain: Celebrity chef found dead at 61 https://t.co/CSe1SfLbyh,
174,0.7407,0.175,0.489,0.336,BBC,"RT @BBC_HaveYourSay: What do you do when a loved one suffers from depression? If you are happy to do so, please share your stories with us.‚Ä¶",
175,0.0,0.0,1.0,0.0,BBC,"RT @BBCSteveR: President Putin's TV phone-in: ""democracy in action"" or ""the product of an inefficient system""?  My quick take on the marath‚Ä¶",
176,0.0,0.0,1.0,0.0,BBC,RT @BBCEarth: Sir David Attenborough‚Äôs message for #WorldOceansDay. üåäüíô https://t.co/H7x7bD25hZ,
177,-0.4939,0.314,0.686,0.0,BBC,Stolen Christopher Columbus letter returned to Spain https://t.co/A9KGNYDvOz,
178,0.0258,0.0,0.879,0.121,BBC,Fortnite player first to reach elusive game island https://t.co/m5yHE8weV7,
179,-0.2263,0.213,0.787,0.0,BBC,Airbnb cancels thousands of bookings in Japan https://t.co/DVjm9AfyT1,
180,0.0,0.0,1.0,0.0,BBC,Chinese house demolition halted because of swallow residents https://t.co/lfRVqFAXOW,
181,0.0,0.0,1.0,0.0,BBC,Lullaby written for school-shooting drills https://t.co/drHquGiiyy,
182,0.0,0.0,1.0,0.0,BBC,RT @bbcworldservice: What's happening to Botswana's disappearing birds of prey? https://t.co/r7ap3kXJhl,
183,0.0,0.0,1.0,0.0,BBC,"""Who could survive this heat?"" 
Eddie Santiago returns to search for his family after the Guatemala volcano üåã‚Ä¶ https://t.co/GuW3Knrc7s",
184,-0.4767,0.279,0.721,0.0,BBC,Trump-Kim summit: S Korean reporters arrested over N Korea 'trespass' https://t.co/wanY1HqpZg,
185,0.0258,0.0,0.945,0.055,BBC,"Turkey is holding early elections so why does it matter? üáπü§î
Here's the BBC's Turkey correspondent @marklowen on wha‚Ä¶ https://t.co/s8deGwPfGA",
186,-0.4404,0.244,0.756,0.0,BBC,Austria to shut seven 'political' mosques and expel imams https://t.co/40EAL3221A,
187,0.0,0.0,1.0,0.0,BBC,Making food crops that feed themselves https://t.co/L4gtmnZYwq,
188,0.3612,0.0,0.839,0.161,BBC,"RT @BBC_HaveYourSay: ""My name is Michael Patterson, sir. Thank you for delivering me."" 

https://t.co/4ktgD2zmIx",
189,-0.5994,0.281,0.719,0.0,BBC,Tariffs and Trump: War of words ahead of G7 summit https://t.co/biWNYzibei,
190,-0.4019,0.129,0.815,0.056,BBC,"RT @BBCStreeter: France has banned mobile phones in schools, should other countries do the same? On #bbcbizlive ‚Å¶‚Å¶@BBCBusiness‚Å© we want to‚Ä¶",
191,0.0,0.0,1.0,0.0,BBC,Australia indigenous treaties: Historic steps 'beginning of journey' https://t.co/xCgiEZ6arL,
192,-0.3818,0.206,0.794,0.0,BBC,Big fight to bring arm wrestling to South Africa's townships https://t.co/Fj7KlFhCN2,
193,0.5423,0.0,0.696,0.304,BBC,Trump-Kim summit: Can you achieve peace on a plate? https://t.co/N7eeTPsyH3,
194,0.0964,0.102,0.783,0.115,BBC,RT @BBCMaryam: French school kids are to be banned from using mobile phones on school grounds in France from Sept. Is this a good thing ? O‚Ä¶,
195,0.0,0.0,1.0,0.0,BBC,Doug Ford: Ex-Toronto mayor's brother set to be Ontario premier https://t.co/Te5Kj7pBl4,
196,0.2023,0.0,0.833,0.167,BBC,IMF agrees to loan up to $50bn for Argentina https://t.co/mE818MXK46,
197,0.0,0.0,1.0,0.0,BBC,Canada moves a step closer to legalising marijuana https://t.co/g31HAMjAqT,
198,0.0,0.0,1.0,0.0,BBC,"US to send 1,600 immigration detainees to federal prisons https://t.co/JisMU9COyf",
199,0.3182,0.0,0.897,0.103,BBC,US President Donald Trump said he would consider inviting North Korea's Kim Jong-un to the White House if their sum‚Ä¶ https://t.co/Qux6rLCASx,
200,0.0,0.0,1.0,0.0,CBS,Best-selling vehicle ever making a comeback to U.S. https://t.co/CzgbOhJry2 https://t.co/cDFqBbYVGw,
201,-0.8225,0.432,0.568,0.0,CBS,"Racist, misogynistic messages show dark side of ""Star Wars"" fandom https://t.co/RG8Nq79JyV https://t.co/DJzWd6iOKU",
202,0.4019,0.0,0.876,0.124,CBS,"With production of the VW beetle coming to an end, a family hobby will help keep the infamous car running‚Ä¶ https://t.co/rSzoEc3mH8",
203,0.1779,0.075,0.809,0.116,CBS,Russian President Vladimir Putin was caught delicately crafting dumplings Friday during his visit to China https://t.co/9ZmXwfkcH2,
204,0.0,0.0,1.0,0.0,CBS,"Trump departs for summit in Singapore, skipping G-7 environmental sessions https://t.co/FC1u9Ny5sK https://t.co/Veh2W3MFbE",
205,0.4019,0.0,0.881,0.119,CBS,The Afghan Taliban announced a 3-day cease-fire for the Eid al-Fitr holiday at the end of the holy month of Ramadan‚Ä¶ https://t.co/NLq7Qc8XhW,
206,0.0,0.0,1.0,0.0,CBS,CBS correspondent David Begnaud reflects on Hurricane Maria coverage https://t.co/UebvutaUAL https://t.co/4td0QEKE22,
207,-0.5106,0.19,0.717,0.093,CBS,"""It is a myth that asking about suicide will cause someone to commit suicide"": Experts offer insight on interventio‚Ä¶ https://t.co/C39yHeTW7Q",
208,0.0,0.0,1.0,0.0,CBS,"Salmonella outbreak linked to pre-cut melon, CDC says https://t.co/GMtu4dU8Dr https://t.co/johqZotKxx",
209,0.1531,0.089,0.789,0.121,CBS,"President Trump retracted his endorsement of the G7 final statement, accusing Canadian Prime Minister Justin Trudea‚Ä¶ https://t.co/FRTU8K4Rnn",
210,0.3182,0.0,0.796,0.204,CBS,Trump retracts his endorsement of G7 final statement https://t.co/o1t0LY1dio https://t.co/2ll3I6lfMC,
211,0.0,0.0,1.0,0.0,CBS,"Electric cars are already here. Now, companies are looking to move the technology into another space: airplanes.‚Ä¶ https://t.co/T10sEfg5Tp",
212,-0.7351,0.383,0.617,0.0,CBS,Anthony Bourdain‚Äôs death means loss of a voice for immigrant workers https://t.co/XR9rIRAIp3 https://t.co/7Cq0bRbWgq,
213,-0.0772,0.056,0.944,0.0,CBS,President Trump said it won't take long for him to tell if North Korean leader Kim Jong Un is serious about denucle‚Ä¶ https://t.co/MM1ozFQocY,
214,-0.5859,0.242,0.758,0.0,CBS,Fire department issues warning about kids getting burned by garden hoses left in the sun https://t.co/26BU9veuDz https://t.co/P9MQ6pfCTF,
215,-0.1779,0.295,0.476,0.229,CBS,5 dangerous myths about Social Security https://t.co/GcxBxFGNsc https://t.co/Yw9A0upTPt,
216,0.0,0.0,1.0,0.0,CBS,"Andrew Lloyd Webber, iconic composer, reflects on his career and what makes a show endure https://t.co/yw9LYAJh82 https://t.co/7eOqGB13T0",
217,-0.1154,0.065,0.935,0.0,CBS,"He risked his life, traveling thousands of miles to cross the U.S. border, but his journey is far from over. Stream‚Ä¶ https://t.co/LbX3HrY2W6",
218,0.8176,0.0,0.681,0.319,CBS,"Justify wins the 150th Belmont Stakes, becoming the 13th horse in history to win the Triple Crown‚Ä¶ https://t.co/hSAI2Li00E",
219,0.296,0.0,0.879,0.121,CBS,The family in charge of the Singapore hotel hosting the U.S.-North Korea summit shares Trump-like ambition‚Ä¶ https://t.co/2CrEnrgTDN,
220,0.3818,0.0,0.894,0.106,CBS,"""A lot of people in Congress are focused on what's going to happen tomorrow, not what's going to happen in 2026"": T‚Ä¶ https://t.co/iVUotZcDZB",
221,-0.6705,0.2,0.8,0.0,CBS,California Officials say wildfires last year that killed 15 are attributable to Pacific Gas &amp; Electric Co. equipmen‚Ä¶ https://t.co/a50mKES8Ss,
222,-0.4767,0.14,0.86,0.0,CBS,The Category 4 hurricane brewing off the coast of Mexico and Baja California Sur will make for dangerous swells and‚Ä¶ https://t.co/cWAlq5t2sx,
223,0.5719,0.0,0.85,0.15,CBS,Buildings in the Bay Area lit up blue and gold overnight as fans celebrated the Golden State @Warriors' third NBA c‚Ä¶ https://t.co/ec26P3ueg3,
224,-0.5216,0.144,0.856,0.0,CBS,"Volkswagen's plan to end production of the iconic model won't change the love many owners have for their ""bugs""‚Äî or‚Ä¶ https://t.co/rs7fn7GOJn",
225,-0.6369,0.189,0.811,0.0,CBS,"Toxic abuse has long been a staple of darker social-media realms, message boards and internet comments pages -- but‚Ä¶ https://t.co/78lXrTPDdd",
226,0.2755,0.0,0.905,0.095,CBS,"Prince George may be Britain's future king, but his cousin Savannah Phillips isn't shy about telling him to quiet d‚Ä¶ https://t.co/RWpQeA8K3b",
227,-0.3182,0.108,0.892,0.0,CBS,As this year's Puerto Rican Day Parade draws attention to the island's continued struggle in the wake of Hurricane‚Ä¶ https://t.co/HulKjfBHpo,
228,-0.4939,0.158,0.842,0.0,CBS,A salmonella outbreak spanning eight states that infected 60 and hospitalized 31 has been connected to pre-cut melo‚Ä¶ https://t.co/4YO6g3W7vD,
229,0.6369,0.0,0.856,0.144,CBS,"RT @CBSSunday: TOMORROW 

Jim Parsons, best known for his work in front of the camera on @bigbangtheory &amp; on the stage in the revival of @B‚Ä¶",
230,-0.5106,0.19,0.717,0.093,CBS,"""It is a myth that asking about suicide will cause someone to commit suicide"": Experts offer insight on interventio‚Ä¶ https://t.co/cQwktOodtT",
231,-0.3182,0.155,0.845,0.0,CBS,"President Trump cut his G-7 attendance short to leave for the summit in Singapore, leaving other leaders to discuss‚Ä¶ https://t.co/drnDIHeJK9",
232,-0.4019,0.212,0.671,0.117,CBS,"Shahab fled Iran after he was beaten and jailed for converting to Christianity. Now in the U.S., he‚Äôs free from all‚Ä¶ https://t.co/0fctuXaeRS",
233,0.1779,0.075,0.809,0.116,CBS,Russian President Vladimir Putin was caught delicately crafting dumplings Friday during his visit to China https://t.co/beLeCP6unJ,
234,0.0,0.0,1.0,0.0,CBS,Doctors told her parents she likely wouldn't live long‚Äî then that she would never walk. This 19-year-old with cereb‚Ä¶ https://t.co/SKziTGHEFj,
235,0.765,0.0,0.761,0.239,CBS,The 2018 Belmont Stakes is set to take place this evening -- and one horse is hoping to win the Triple Crown‚Ä¶ https://t.co/lQDgMcPIPd,
236,0.0,0.0,1.0,0.0,CBS,"Ahead of the highly-anticipated summit with North Korea, @CBSEveningNews anchor @JeffGlor is in Singapore:‚Ä¶ https://t.co/MnZjShPdgw",
237,0.0,0.0,1.0,0.0,CBS,"Electric cars are already here. Now, companies are looking to move the technology into another space: airplanes.‚Ä¶ https://t.co/JhtJSzubZs",
238,0.0,0.0,1.0,0.0,CBS,RT @CBSThisMorning: .@TheTonyAwards are on @CBS tomorrow night! Here‚Äôs a look at some of the preparations ahead of Broadway‚Äôs biggest night‚Ä¶,
239,-0.0772,0.056,0.944,0.0,CBS,President Trump said it won't take long for him to tell if North Korean leader Kim Jong Un is serious about denucle‚Ä¶ https://t.co/sKVAqhatkJ,
240,0.296,0.0,0.879,0.121,CBS,The family in charge of the Singapore hotel hosting the U.S.-North Korea summit shares Trump-like ambition‚Ä¶ https://t.co/sDTZlDpuBg,
241,0.2732,0.135,0.674,0.192,CBS,"Top-ranked Simona Halep wins the #FrenchOpen by defeating Sloane Stephens 3-6, 6-4, 6-1 https://t.co/en40gwzJJT https://t.co/SHLFffYyEO",
242,-0.1154,0.065,0.935,0.0,CBS,"He risked his life, traveling thousands of miles to cross the U.S. border, but his journey is far from over. Stream‚Ä¶ https://t.co/1CyQsRrk9D",
243,0.4019,0.0,0.881,0.119,CBS,The Afghan Taliban announced a 3-day cease-fire for the Eid al-Fitr holiday at the end of the holy month of Ramadan‚Ä¶ https://t.co/CrcHIAuFe1,
244,0.0,0.0,1.0,0.0,CBS,"President Trump says he will ""know in the first minute"" whether North Korean leader Kim Jong Un is ""serious"" about‚Ä¶ https://t.co/47Aqo1HEga",
245,0.5719,0.0,0.837,0.163,CBS,Prince Harry and Meghan Markle joined the pageantry of the annual Trooping the Color ceremony to celebrate Queen El‚Ä¶ https://t.co/0YsALCVVNH,
246,0.0,0.0,1.0,0.0,CBS,WATCH: Take a look at how the coastline of Hawaii's Big Island has changed since the Kilauea volcano began erupting‚Ä¶ https://t.co/MhZSAxyHnr,
247,-0.7096,0.289,0.608,0.103,CBS,4 U.S. service members who were wounded in an extremist attack in Somalia that killed one special operations soldie‚Ä¶ https://t.co/bcEyYzRuJl,
248,-0.0772,0.056,0.944,0.0,CBS,"Reporter: How long do you¬†think it will take you to¬†figure out whether Kim Jong Un is¬†serious?

President Trump: ‚ÄúI‚Ä¶ https://t.co/OBU0BrL9qf",
249,0.0,0.0,1.0,0.0,CBS,"President Trump says the U.S. relationship with its allies ""is a 10"" following G-7 summit https://t.co/syywHUMwLG https://t.co/mtKO3vrHT7",
250,0.0,0.0,1.0,0.0,CBS,"""You know, Obama can say all he wants, but he allowed Russia to take Crimea. I may have had a much different attitu‚Ä¶ https://t.co/E3sMsGuxnK",
251,0.0,0.0,1.0,0.0,CBS,"""Tariffs are going to come way down because we people cannot continue to do that,"" President Trump says. ""We are li‚Ä¶ https://t.co/oU0EL8VFIN",
252,0.6597,0.0,0.803,0.197,CBS,"""I think it would be an asset to¬†have Russia back in [the G-7].¬†I think it would be good for¬†the world,"" President‚Ä¶ https://t.co/SjvNCse3XM",
253,0.8214,0.0,0.735,0.265,CBS,"""I really feel confident. I feel that Kim Jong Un wants to do something great for his people, and he has that oppor‚Ä¶ https://t.co/vife8VEUjx",
254,0.5423,0.0,0.877,0.123,CBS,"""I will be on a mission of peace, and we will carry in, really -- in my heart, we are going to be carrying the hear‚Ä¶ https://t.co/kAORBwtI0w",
255,0.3818,0.0,0.847,0.153,CBS,"""We want and expect other nation to provide fair market access to American exports and that we will take whatever s‚Ä¶ https://t.co/Ss7moC0GQc",
256,0.0,0.0,1.0,0.0,CBS,WATCH LIVE: President Trump delivers statement at G-7 summit as he prepares to head to Singapore for meeting with N‚Ä¶ https://t.co/8ZKOqjf4qs,
257,-0.7269,0.264,0.736,0.0,CBS,"For more than a year, Florida failed to do national background checks that could have disqualified people from gain‚Ä¶ https://t.co/hvt09tJdaV",
258,-0.5994,0.231,0.769,0.0,CBS,Can President Trump and Kim Jong Un end the 68-year-old Korean War? https://t.co/yJYhxdnN74 https://t.co/z54J6O7jJK,
259,-0.2263,0.112,0.888,0.0,CBS,Search teams have located the body of a woman who vanished Friday in a suspected alligator attack‚Ä¶ https://t.co/wg7RX1ZqLv,
260,0.5106,0.0,0.784,0.216,CBS,"""Zero trust"" between U.S. and North Korea ahead of historic summit https://t.co/2bT4TFLoUf https://t.co/8VpZ7gHoRk",
261,-0.5106,0.216,0.784,0.0,CBS,"University offers $3,500 to get sick and stay in ""Hotel Influenza"" https://t.co/pHdAork3OW https://t.co/pnJwdLVXQE",
262,-0.0258,0.073,0.927,0.0,CBS,"Gloria Williams sentenced for kidnapping newborn from hospital, raising child as her own https://t.co/oQxTlSaIMO https://t.co/RPOft178nu",
263,-0.8481,0.479,0.521,0.0,CBS,"Mother, her boyfriend sentenced in boy's ""beyond animalistic"" child abuse death https://t.co/P61Ja7u7kS https://t.co/1OI79KPaIj",
264,-0.6808,0.301,0.699,0.0,CBS,Former Senate Intel staffer accused of lying to FBI makes first court appearance https://t.co/Ci68UqgVxb https://t.co/tLQ2bY4iDB,
265,0.0,0.0,1.0,0.0,CBS,Teen escorted from U.S. by ICE slain soon after in Mexico: Report https://t.co/JWiopRQHMA https://t.co/QDGXtfRMjl,
266,0.0,0.0,1.0,0.0,CBS,Fox News' Charles Krauthammer says he has weeks to live https://t.co/4HPbRwLsAc https://t.co/wz1UiswLri,
267,-0.7579,0.481,0.519,0.0,CBS,Palestinians killed in protest near Israel-Gaza border https://t.co/DhtoKuJN9x https://t.co/qGbxFIUtK2,
268,-0.3182,0.204,0.796,0.0,CBS,Group photo masks underlying tension at G-7 summit https://t.co/gWeG8c22fI https://t.co/2Aqe8J9lyH,
269,0.5574,0.0,0.769,0.231,CBS,"Mom in ""affluenza"" case in Texas jail after positive drug test https://t.co/BdS7ls5VfD https://t.co/07u57WLNPp",
270,-0.5994,0.358,0.642,0.0,CBS,Stars react to Anthony Bourdain's death https://t.co/XaqFFj4SOP https://t.co/i6KvwcoZeI,
271,0.5859,0.0,0.648,0.352,CBS,$315M Powerball Jackpot winner comes forward https://t.co/ld8gpKWB2g https://t.co/MDyi8AsNCn,
272,0.6705,0.0,0.593,0.407,CBS,Former security chief for Senate Intelligence Committee indicted https://t.co/WWaotj7p68 https://t.co/XSkfk4QC4s,
273,-0.34,0.194,0.806,0.0,CBS,Teen's arrest prompts new use-of-force investigation for Mesa police https://t.co/AomCZUrMUq https://t.co/2NSzowvnSO,
274,0.0,0.0,1.0,0.0,CBS,Stormy Daniels' former attorney countersues https://t.co/CHACqidrrE https://t.co/j0JS2Q636P,
275,-0.1779,0.295,0.476,0.229,CBS,5 dangerous myths about Social Security https://t.co/L97dCCNTK4 https://t.co/nJTclEeU31,
276,-0.8126,0.375,0.625,0.0,CBS,"Suspect in fatal crash tells TV station: ""People hit and run people all the time"" https://t.co/ZUpGexiSHj https://t.co/ri9u6P6eBF",
277,-0.7096,0.33,0.67,0.0,CBS,High school valedictorian says mic was cut before speaking about sex assault https://t.co/VHy6P86iZW https://t.co/vr3OZuZ8NN,
278,-0.6486,0.264,0.736,0.0,CBS,Woman who led private investigator to stepson's decomposing remains found dead https://t.co/ifW3Y8NNWh https://t.co/fINIm2HenM,
279,-0.0258,0.073,0.927,0.0,CBS,"Gloria Williams sentenced for kidnapping newborn from hospital, raising child as her own https://t.co/dZbiYaOlNs https://t.co/nGg2JYkFQv",
280,-0.5106,0.216,0.784,0.0,CBS,"University offers $3,500 to get sick and stay in ""Hotel Influenza"" https://t.co/qmdxJHvro3 https://t.co/Ay5D1Hnrk9",
281,-0.8481,0.479,0.521,0.0,CBS,"Mother, her boyfriend sentenced in boy's ""beyond animalistic"" child abuse death https://t.co/NSvhsLD5YS https://t.co/Es5pmEwguh",
282,-0.6124,0.308,0.692,0.0,CBS,"Asia Argento, girlfriend of Anthony Bourdain, ""beyond devastated"" https://t.co/iYY5HTPcVe https://t.co/twNUJmiCIp",
283,0.0,0.0,1.0,0.0,CBS,Fox News' Charles Krauthammer says he has weeks to live https://t.co/fbQ25GCArj https://t.co/7YOc4ptMl0,
284,0.296,0.0,0.845,0.155,CBS,"Researchers say they're on the verge of creating a revolutionary, non-addictive painkiller https://t.co/u9kM4XUWXI https://t.co/KJLneHl9Xg",
285,-0.7579,0.481,0.519,0.0,CBS,Palestinians killed in protest near Israel-Gaza border https://t.co/Gcf57qhHp6 https://t.co/yEeiclWjS0,
286,0.5574,0.0,0.723,0.277,CBS,"Trump says he may pardon Muhammad Ali, who does not need a pardon https://t.co/CSfrmCESau https://t.co/lEbE35xvkE",
287,-0.5994,0.358,0.642,0.0,CBS,Stars react to Anthony Bourdain's death https://t.co/ZAvjD1gHKv https://t.co/Xzyn9wv60j,
288,0.5574,0.0,0.769,0.231,CBS,"Mom in ""affluenza"" case in Texas jail after positive drug test https://t.co/Aryj6AEkAZ https://t.co/K39a1CtDfC",
289,-0.5574,0.205,0.795,0.0,CBS,Kate Spade's father said he spoke to her the night before she died https://t.co/hPhLaiRl9K https://t.co/xbutyk3sKb,
290,0.5859,0.0,0.648,0.352,CBS,$315M Powerball Jackpot winner comes forward https://t.co/EtmEQjQ1iD https://t.co/wzu4QQsb9J,
291,-0.34,0.194,0.806,0.0,CBS,Teen's arrest prompts new use-of-force investigation for Mesa police https://t.co/Ojn5ufeZQW https://t.co/P2IlJl7Y8v,
292,0.0,0.0,1.0,0.0,CBS,Stormy Daniels' former attorney countersues https://t.co/9TcJ8awSG0 https://t.co/Y7HjJ8RZAA,
293,-0.1779,0.295,0.476,0.229,CBS,5 dangerous myths about Social Security https://t.co/eJR8SNXxF6 https://t.co/bpF6XXuB01,
294,-0.7096,0.33,0.67,0.0,CBS,High school valedictorian says mic was cut before speaking about sex assault https://t.co/HPzGQvfP6v https://t.co/y4vjIuSSbB,
295,-0.6486,0.264,0.736,0.0,CBS,Woman who led private investigator to stepson's decomposing remains found dead https://t.co/tIzWD3pZII https://t.co/EylAtAJMjM,
296,-0.0258,0.073,0.927,0.0,CBS,"Gloria Williams sentenced for kidnapping newborn from hospital, raising child as her own https://t.co/vbyN5oULaN https://t.co/7WLUMDNYDH",
297,0.1531,0.157,0.657,0.187,CBS,"The Warriors defeated LeBron James and the Cavaliers 108-85, completing a perfect 4-0 sweep https://t.co/Byn9sLKXGL https://t.co/V4KNZy4IAt",
298,-0.6486,0.398,0.602,0.0,CBS,Woman missing after reported alligator attack in Florida https://t.co/GP0MEsucEt https://t.co/Bs3cVoxsSk,
299,-0.8481,0.479,0.521,0.0,CBS,"Mother, her boyfriend sentenced in boy's ""beyond animalistic"" child abuse death https://t.co/p2zYrsgywF https://t.co/rKKuaUzghZ",
300,0.6249,0.0,0.823,0.177,FOX,".@DarrellIssa: ""[@POTUS] has a great deal of common sense to know that everything we tried for 67 years doesn't wor‚Ä¶ https://t.co/fYGu6PX2kk",
301,0.0772,0.0,0.936,0.064,FOX,".@DarrellIssa: ""One of the challenges that other presidents faced that [@POTUS] doesn't is they wanna be seen in hi‚Ä¶ https://t.co/2SGKqO8TQB",
302,-0.8807,0.421,0.579,0.0,FOX,".@hogangidley45 on illegal immigrant crime statistics: ""The sad part is, these crimes are 100 percent preventable.‚Ä¶ https://t.co/Z1nEuAnR2h",
303,-0.9305,0.464,0.536,0.0,FOX,".@hogangidley45 on illegal immigrant crime statistics: ""We are not getting the best of the best from these other co‚Ä¶ https://t.co/Vlqp9bH3CE",
304,0.7964,0.0,0.664,0.336,FOX,".@hogangidley45 on @dennisrodman supporting @POTUS: ""[Dennis Rodman] knows what's best, I'll give him that, because‚Ä¶ https://t.co/mTQsizi2LQ",
305,0.0,0.0,1.0,0.0,FOX,SUNDAY: @BretBaier is live in Singapore ahead of President @realDonaldTrump‚Äôs historic summit with North Korean lea‚Ä¶ https://t.co/QHl8nHgfyM,
306,0.1935,0.153,0.662,0.185,FOX,".@hogangidley45: ""So many people on the Left hate this president more than they love this country.""  @JudgeJeanine https://t.co/UIkcGTklSc",
307,0.0,0.0,1.0,0.0,FOX,".@JudgeJeanine: ""@realDonaldTrump is bringing America back in front of our eyes and it's time for the unAmerican ha‚Ä¶ https://t.co/LyLZpFj6Rn",
308,0.4019,0.0,0.787,0.213,FOX,Couple gets engaged at Trader Joe‚Äôs during ‚Äòmillennial grocery tour‚Äô https://t.co/9NLYqzwzdz,
309,-0.34,0.195,0.684,0.121,FOX,".@realDonaldTrump slams Canadian PM as 'dishonest and weak,' pulls back on G-7 communique endorsement https://t.co/CyHjtR10cz",
310,0.3612,0.0,0.894,0.106,FOX,"Ahead of the North Korea summit, @VP Mike Pence said he assured Otto Warmbier's family that their son ""will not hav‚Ä¶ https://t.co/wGvqt2XNnd",
311,-0.5106,0.231,0.769,0.0,FOX,"TSA searches 96-year-old woman in wheelchair in viral video, sparking outrage https://t.co/ruX7CBshrg",
312,0.3612,0.0,0.839,0.161,FOX,#Trump says US is like a 'piggy bank that everybody is robbing' on trade https://t.co/PK8qw7lxvW,
313,0.4939,0.0,0.833,0.167,FOX,".@RepMattGaetz: ""This is Donald Trump's America. It's the Trump economy, it's roaring. People are confident, busine‚Ä¶ https://t.co/wZMGzvhYgi",
314,0.6369,0.0,0.741,0.259,FOX,".@RepMattGaetz: ""As Republicans, we love when @NancyPelosi talks about the economy."" @WattersWorld https://t.co/cCIxsAm8NV",
315,0.0,0.0,1.0,0.0,FOX,".@KellyannePolls: ""It's through the president's leadership and stewardship that @SecPompeo has been over to North K‚Ä¶ https://t.co/CqUyx8gzuR",
316,0.0,0.0,1.0,0.0,FOX,".@KellyannePolls: ""[President @realDonaldTrump is] very open to differing opinions and viewpoints. He's a master ne‚Ä¶ https://t.co/z7mDmPDjMi",
317,0.7964,0.0,0.693,0.307,FOX,Jockey Mike Smith celebrates atop of Justify after winning the coveted Triple Crown at the Belmont Stakes.‚Ä¶ https://t.co/lUG6e16WfK,
318,-0.1531,0.103,0.897,0.0,FOX,SUNDAY: Don‚Äôt miss @FoxNewsSunday from Singapore ahead of President @realDonaldTrump‚Äôs historic meeting with North‚Ä¶ https://t.co/cF2Y1xLD4Y,
319,-0.2263,0.095,0.905,0.0,FOX,".@jasonsehorn on national anthem protests: ""Their actual message of what they're trying to get across is being lost‚Ä¶ https://t.co/KO4yaWJG4Y",
320,-0.3818,0.14,0.86,0.0,FOX,"Former @NFL player @JackBrewerBSI: ""We're all Americans. We're in the same family. Families fight, families quarrel‚Ä¶ https://t.co/hswCr90kiS",
321,0.7845,0.0,0.653,0.347,FOX,OPINION: Justify‚Äôs Triple Crown win brings us together to admire an uncommonly gifted horse https://t.co/4nIf9mv4Wz,
322,-0.296,0.145,0.855,0.0,FOX,"Earlier, President @realDonaldTrump accused Canadian Prime Minister @JustinTrudeau of making ""false statements"" at‚Ä¶ https://t.co/oUPeNM1BJv",
323,0.3612,0.0,0.815,0.185,FOX,.@VP reassures family of Otto Warmbier ahead of North Korea summit https://t.co/t0jwuWxjHx,
324,-0.5413,0.163,0.837,0.0,FOX,.@replouiegohmert: ‚ÄúRobert Mueller has done more damage during his 12 years as FBI director than‚Ä¶ probably all the‚Ä¶ https://t.co/u1rce2rGvi,
325,0.2263,0.0,0.909,0.091,FOX,"Nile Gardiner: ""You have protectionist tariffs on both sides of the Atlantic, from the United States but also from‚Ä¶ https://t.co/5TM7aYOQhS",
326,0.5719,0.0,0.764,0.236,FOX,"BREAKING: Justify wins the Belmont Stakes, earning the coveted Triple Crown https://t.co/EEHEgMVywm https://t.co/vjiT9IgcDg",
327,-0.4019,0.144,0.856,0.0,FOX,"Nile Gardiner on tariff tensions: ""You have all the makings right now for a trade war."" https://t.co/iAdue9Nmav https://t.co/l3NIirukYK",
328,0.4019,0.0,0.769,0.231,FOX,Taliban announce cease-fire over Eid holiday for 1st time https://t.co/LCHkJcQMW3,
329,0.7003,0.0,0.766,0.234,FOX,".@VP on Otto Warmbier: ""Today I assured his dad as [@POTUS] said two days ago, their beloved son Otto Warmbier will‚Ä¶ https://t.co/ZWPmRWK0Fj",
330,0.8238,0.0,0.688,0.312,FOX,".@VP on North Korea summit: ""So America, let's pray for [@POTUS] and let's pray for peace for the Korean people and‚Ä¶ https://t.co/ODJl1K4kfh",
331,0.2755,0.0,0.869,0.131,FOX,".@VP on North Korea summit: ""We will not repeat the mistakes of the past."" https://t.co/vkdzKjHLD1",
332,0.7096,0.0,0.753,0.247,FOX,".@VP: ""As President @realDonaldTrump embarks on this historic quest for peace, I can assure you that he also goes w‚Ä¶ https://t.co/0kzlNxMy53",
333,-0.5859,0.278,0.609,0.113,FOX,".@VP on Singapore summit: ""After years of failed policies and broken promises last year, President @realDonaldTrump‚Ä¶ https://t.co/M1kPHystbo",
334,0.0,0.0,1.0,0.0,FOX,".@VP on North Korea summit: ""Our president is going into this summit with his eyes wide open."" https://t.co/wOy8M4d88p",
335,0.3182,0.0,0.881,0.119,FOX,".@VP on North Korea summit: ""The truth is, [@realDonaldTrump] has been preparing for this his whole life."" https://t.co/xe4EOjiKsK",
336,0.0,0.0,1.0,0.0,FOX,".@VP: ""[@POTUS] spent the last two days at the G7 summit in Canada putting America first."" https://t.co/tWO4i7PqEx",
337,0.6597,0.0,0.738,0.262,FOX,".@VP: ""I want to begin tonight by bringing greetings from a leader who's been delivering every day on his promise t‚Ä¶ https://t.co/czUfsg6Edj",
338,0.7906,0.0,0.72,0.28,FOX,".@VP Mike Pence delivers keynote remarks at the close of the 2018 Faith &amp; Freedom Coalition ""Road to Majority."" https://t.co/JWcCBVCjx1",
339,0.5919,0.0,0.797,0.203,FOX,"TOMORROW: Don't miss a brand new ""Life, Liberty, &amp; Levin"" with @marklevinshow - Tune in at 10p ET on Fox News Chann‚Ä¶ https://t.co/JloyPLb79c",
340,0.0,0.0,1.0,0.0,FOX,"SeaWorld getting rid of plastic straws, plastic bags at all US parks https://t.co/o5sCVFney1",
341,0.0,0.0,1.0,0.0,FOX,".@RCamposDuffy: ""Republicans and especially Republican women and Republican or conservative minorities have always‚Ä¶ https://t.co/D6p9iIR1QB",
342,0.0,0.0,1.0,0.0,FOX,"Lou Holtz on @Eagles controversy: ""The locker room belongs to the players of the @NFL. They can say anything they w‚Ä¶ https://t.co/n3NNBJA2O7",
343,0.7351,0.0,0.763,0.237,FOX,".@POTUS: ""The power to pardon is a beautiful thing. You got to get it right, you got to get the right people.""‚Ä¶ https://t.co/kJoxSdfmxm",
344,0.0,0.0,1.0,0.0,FOX,OPINION: There's just one way to marry the right person (and anyone can do it) https://t.co/yqcYBoKZ8w,
345,0.0,0.0,1.0,0.0,FOX,".@Mark_Penn on the Mueller probe: ""I think our Constitution is being stepped on."" https://t.co/WU779vQZHl",
346,0.128,0.0,0.909,0.091,FOX,"Belmont Stakes' Triple Crown contender, start time, odds and everything else about the horse race https://t.co/6SDuqSRpPJ",
347,-0.6115,0.222,0.778,0.0,FOX,".@POTUS: ""The U.S. press is very dishonest, much of it, not all of it."" https://t.co/wRY77Xrqxz",
348,0.0,0.0,1.0,0.0,FOX,U.S. Markets - So far this year. https://t.co/dXBWkXeAc2,
349,-0.7088,0.269,0.731,0.0,FOX,.@SteveHiltonx: Trump‚Äôs criticism of G-7 is ‚Äòunprecedented‚Äô scream the elite -- That‚Äôs the whole point of Trump! https://t.co/ZwoJG4yXGb,
350,0.0,0.0,1.0,0.0,FOX,President @realDonaldTrump is on his way to Singapore for a historic meeting with North Korean leader Kim Jong Un.‚Ä¶ https://t.co/f5vz9YYXXE,
351,-0.4767,0.256,0.744,0.0,FOX,"Florida woman's body found after gator attack, officials say https://t.co/5zyQqG9a32",
352,0.0772,0.0,0.933,0.067,FOX,".@kayleighmcenany: ""Where are the feminists, also, I want to ask - where are the Elizabeth Warrens, where are the H‚Ä¶ https://t.co/6cSwtVG0OG",
353,0.3818,0.0,0.729,0.271,FOX,"President @realDonaldTrump promises ""America First"" throughout 2016. https://t.co/loUFH6m9i3",
354,0.0,0.0,1.0,0.0,FOX,German Chancellor Angela Merkel speaks with President @realDonaldTrump during proceedings on the sidelines of the o‚Ä¶ https://t.co/3ObHBAyhun,
355,0.4939,0.0,0.775,0.225,FOX,"Moments ago, President @realDonaldTrump praised the prime minister of Italy, @GiuseppeConteIT. https://t.co/xR842BvOcu",
356,0.0,0.0,1.0,0.0,FOX,".@conservmillen on G7 summit: ""Our GDP is bigger than all of theirs combined and they do need us more than we need‚Ä¶ https://t.co/6zOc7YyliG",
357,0.891,0.0,0.602,0.398,FOX,".@kayleighmcenany: ""@FLOTUS has the trust and the love of the American people - she has a 57% approval rating. Mean‚Ä¶ https://t.co/hoWeWMNEQX",
358,0.3612,0.0,0.839,0.161,FOX,Trump says US is like a 'piggy bank that everybody is robbing' on trade https://t.co/PK8qw7lxvW,
359,0.0,0.0,1.0,0.0,FOX,RT @EricShawnTV: I anchor @FoxNews starting at 5 pm EDT with @ArthelNeville: What @POTUS @realDonaldTrump should say to Kim Jong-un. @MIT's‚Ä¶,
360,-0.6486,0.35,0.65,0.0,FOX,Eunice Gayson first-ever Bond Girl dead at 90 https://t.co/BzfcRHNxu8,
361,0.0,0.0,1.0,0.0,FOX,"At his press briefing today, President @realDonaldTrump slammed his presidential predecessor for ""allow[ing] Russia‚Ä¶ https://t.co/BpMwYh65k5",
362,0.0,0.0,1.0,0.0,FOX,OPINION: Newest Mars discovery tells us something miraculous about Earth https://t.co/mcATE1PRIl,
363,-0.2584,0.113,0.887,0.0,FOX,.@realDonaldTrump doubles down on calls to include Russia in G-7: 'We're not looking to play games' https://t.co/nob4MbUZWM,
364,0.0,0.247,0.562,0.191,FOX,.@seanhannity Praises Trump's Tough NoKo Action After 'Weak and Feckless' Obama Leadership   https://t.co/Q2Uj18acfS,
365,-0.4939,0.186,0.814,0.0,FOX,Veteran claims his stolen Facebook photos were used to catfish 30 women during deployment https://t.co/YAuENcd5SL,
366,0.6249,0.073,0.688,0.239,FOX,".@marykissel: ""A success in Singapore would be to get the [Kim] regime to commit to complete, irreversible and veri‚Ä¶ https://t.co/R3KDjQXhmU",
367,-0.1531,0.103,0.897,0.0,FOX,SUNDAY: Don‚Äôt miss @FoxNewsSunday from Singapore ahead of President @realDonaldTrump‚Äôs historic meeting with North‚Ä¶ https://t.co/tyhBYdJ4jm,
368,0.3182,0.0,0.905,0.095,FOX,"David Rivkin on @POTUS' power to self pardon: ""To say the president is above the law begs the question of what the‚Ä¶ https://t.co/mgJPUNXWcz",
369,0.1655,0.0,0.93,0.07,FOX,".@POTUS: ""I do have an absolute right to pardon myself, but I'll never have to do it because I didn't do anything w‚Ä¶ https://t.co/bOUqiZ0R50",
370,0.3612,0.0,0.737,0.263,FOX,Holocaust survivor who consoled Anne Frank dies https://t.co/mw0VdtPNgI,
371,-0.6249,0.255,0.745,0.0,FOX,".@SeanHannity: ""President @BarackObama left Trump with unfettered international disaster after disaster."" #Hannity https://t.co/0lJuEwysLF",
372,-0.4215,0.322,0.495,0.183,FOX,Republicans may have won the optics war on Congress' summer recess fight https://t.co/b1wIL2Onb0,
373,-0.4767,0.162,0.838,0.0,FOX,"President @realDonaldTrump: ""Who are you with out of curiosity?""

Reporter: ""CNN.""

@POTUS: ""I figured - Fake News‚Ä¶ https://t.co/yXZpAqd07M",
374,-0.1531,0.103,0.897,0.0,FOX,"'Jersey Shore' star Mike 'The Situation' Sorrentino will face tax evasion sentencing this fall
https://t.co/Hnfrd4ZLLb",
375,-0.296,0.104,0.896,0.0,FOX,"At his press briefing, President @realDonaldTrump said that the U.S. would no longer be a piggy bank robbed by othe‚Ä¶ https://t.co/WAwm8Fld4P",
376,0.3612,0.0,0.848,0.152,FOX,Trump says US is like a 'piggy bank that everybody is robbing' on trade https://t.co/iAdue9Nmav https://t.co/ew7uxi8JFW,
377,-0.7906,0.438,0.562,0.0,FOX,Texas border patrol agents find 6 illegal immigrants trapped inside cabinets https://t.co/r5ANi7t94m,
378,0.0,0.0,1.0,0.0,FOX,SUNDAY: @BretBaier is live in Singapore ahead of President @realDonaldTrump‚Äôs historic summit with North Korean lea‚Ä¶ https://t.co/Z9gEu1Zqo2,
379,0.1027,0.096,0.789,0.114,FOX,".@RepMcSally: ""@POTUS has made it clear that we will not tolerate them having a nuclear weapon that can hold a U.S.‚Ä¶ https://t.co/Z9kwm68cBa",
380,-0.5302,0.181,0.819,0.0,FOX,".@GrecianFormula on NK summit: ""My fear here is, I do not want [@POTUS] to give Kim Jong Un that handshake that wil‚Ä¶ https://t.co/2BcF4gR3s9",
381,0.5859,0.0,0.648,0.352,FOX,.@MittRomney predicts a @realDonaldTrump win in 2020. https://t.co/FtXsikIvlB https://t.co/W2EHQ9eAw5,
382,-0.6249,0.362,0.638,0.0,FOX,"Florida Revokes Hundreds of Gun Permits After Background Check Error
https://t.co/4RteHthrjk",
383,0.4939,0.0,0.814,0.186,FOX,"On @foxandfriends, @RCamposDuffy praised @FLOTUS Melania Trump in the wake of constant media scrutiny.‚Ä¶ https://t.co/t4wxgWO0Qz",
384,0.3612,0.0,0.884,0.116,FOX,".@kimguilfoyle on NK summit: ""With somebody like @POTUS who thinks out of the box...everything is on the table [unt‚Ä¶ https://t.co/uFk6mAOEmC",
385,0.4767,0.0,0.819,0.181,FOX,"Mike Kerrigan: I thought I had enough friends, then a stranger did this on my flight home https://t.co/xZNBnn26ZS",
386,0.0,0.0,1.0,0.0,FOX,.@replouiegohmert Slams Russia Probe Spending: Mueller Has 'Absolutely Blown Taxpayer Dollars' https://t.co/Xe5BeKp6Cd,
387,0.4404,0.118,0.667,0.215,FOX,Love and leaks: Wolfe-Watkins latest couple to draw scrutiny for loose lips and tips https://t.co/E3h48prv3z,
388,0.0,0.0,1.0,0.0,FOX,Fox News Poll: Will North Korea give up nukes? https://t.co/3x4UVwUihL,
389,-0.4404,0.42,0.58,0.0,FOX,Border arrests spike. https://t.co/bxJVEDbIZi https://t.co/cGj9ea65Ui,
390,0.0,0.0,1.0,0.0,FOX,".@TheRealJohnHCox: ""@GavinNewsom is Exhibit A in craven politicians."" https://t.co/b6mIxZLEPQ",
391,0.0,0.0,1.0,0.0,FOX,Fox News Poll: Should @POTUS meet with North Korean leader Kim Jong Un? https://t.co/9QBv5OO5bg,
392,0.0,0.0,1.0,0.0,FOX,".@RCamposDuffy: ""Republicans and especially Republican women and Republican or conservative minorities have always‚Ä¶ https://t.co/TcO81nMnJ7",
393,-0.4588,0.2,0.8,0.0,FOX,Home Depot employee in Florida allegedly attacked by shopper's pet spider monkey https://t.co/gvqJD9UaOB,
394,0.1779,0.135,0.677,0.188,FOX,"ABC apologizes for controversial ‚ÄòQuantico‚Äô episode, defends star Priyanka Chopra https://t.co/4sh2B6JvhK",
395,-0.5413,0.163,0.837,0.0,FOX,".@replouiegohmert: ""Robert Mueller has done more damage during his 12 years as FBI Director than... probably all th‚Ä¶ https://t.co/eZePn5ltKz",
396,0.0,0.0,1.0,0.0,FOX,".@RealDeanCain: ""I stand for the anthem. I would never kneel for the anthem."" https://t.co/XIXO0UeJmR",
397,0.3612,0.0,0.667,0.333,FOX,Do you agree with @SenSanders? https://t.co/jixhab3nlt,
398,-0.1531,0.082,0.918,0.0,FOX,"MONDAY: Don‚Äôt miss three hours of ‚ÄòAmerica‚Äôs Newsroom‚Äô with @BillHemmer and @SandraSmithFox, starting at 9a ET on F‚Ä¶ https://t.co/A0OfAH4QPo",
399,-0.8555,0.54,0.46,0.0,FOX,"1,000 illegal immigrants bused to California federal prison for detention https://t.co/B3t12CUk1m",
400,0.34,0.0,0.893,0.107,NY Times,"Trudeau sought to play down personal clashes with Trump as he wrapped up the G-7 summit, saying he leaves ‚Äúinspired‚Ä¶ https://t.co/gY0bzq4klo",
401,0.0,0.0,1.0,0.0,NY Times,Nick Cave Wants You to Work It Out on the Dance Floor https://t.co/GMPPrGqLh7,
402,0.3612,0.0,0.906,0.094,NY Times,"Janelle Mon√°e brings a pair of big fuzzy socks on the road. ""I like to moonwalk when I‚Äôm on the tour bus. It‚Äôs my f‚Ä¶ https://t.co/jbf5ZtCzC8",
403,-0.5574,0.146,0.854,0.0,NY Times,"RT @kimseverson: Here's a sketch of Bourdain‚Äôs last couple of days in the medieval village where he died, from @MilanSchreuer of the @nytim‚Ä¶",
404,-0.1531,0.151,0.849,0.0,NY Times,Judge Stops Deportation of a New York Pizza Delivery Man https://t.co/HvmhAiLkvU,
405,0.8074,0.0,0.722,0.278,NY Times,RT @nytimestravel: This year would have been Leonard Bernstein's 100th birthday. Celebrate his rich musical legacy at these events around t‚Ä¶,
406,-0.4019,0.13,0.87,0.0,NY Times,"Breaking News: President Trump upended two days of diplomacy, refusing to sign a Group of 7 statement and calling P‚Ä¶ https://t.co/Y0hQKylGpt",
407,-0.6705,0.647,0.353,0.0,NY Times,I Have Post-Brokeness Stress Disorder https://t.co/DzbNcVsanm,
408,-0.128,0.137,0.747,0.116,NY Times,The powerful conservative donor couple you‚Äôve never heard of: Liz and Dick Uihlein are spending millions to shape a‚Ä¶ https://t.co/X4PKGfkCQc,
409,0.8225,0.0,0.691,0.309,NY Times,"Breaking News: Justify won the Belmont Stakes to become the 13th Triple Crown champion, the second in 4 years https://t.co/hm0DyHs93a",
410,0.2023,0.095,0.776,0.129,NY Times,"""This has been a very slim Broadway season."" What NYT's theater critics had to say about the Tony Awards nomination‚Ä¶ https://t.co/4LbGoj8MbY",
411,0.0,0.0,1.0,0.0,NY Times,"What to watch, what to read and what to listen to by and about Anthony Bourdain https://t.co/xKVpypbD5i",
412,-0.296,0.099,0.901,0.0,NY Times,"She went out for a walk with her dogs. Then she went missing. Hours later, officials found human remains inside of‚Ä¶ https://t.co/wMhCiG236J",
413,0.5859,0.0,0.84,0.16,NY Times,"Justify will attempt to become the 13th Triple Crown winner, and first since American Pharoah in 2015, in the Belmo‚Ä¶ https://t.co/oSk73TTFVu",
414,0.1901,0.0,0.923,0.077,NY Times,"New parks are cropping up across the city, many courtesy of new apartment complexes, but you won‚Äôt need to have a p‚Ä¶ https://t.co/NW2yo2cQ4L",
415,0.6486,0.0,0.654,0.346,NY Times,"These sweet, lemony rolls are a fresh alternative to classic cinnamon rolls https://t.co/prmvr6p22Z",
416,-0.2411,0.094,0.906,0.0,NY Times,"In @NYTOpinion

Sarah Jackson writes, ""Anthony Bourdain was not just curious about food and the world. He was aware‚Ä¶ https://t.co/5hEzlnvRuR",
417,0.0,0.0,1.0,0.0,NY Times,Anthony Bourdain understood that eating was simply a way of taking the world inside you https://t.co/MFUCcrSnln,
418,0.0,0.0,1.0,0.0,NY Times,"A salmonella outbreak has been linked to melons sold at Trader Joe's, Costco, Walgreens and other stores in 8 states https://t.co/OelPlvpK5c",
419,0.0,0.0,1.0,0.0,NY Times,"With American presidential races requiring an ever-dizzying amount of money, a behind-the-scenes 2020 contest is al‚Ä¶ https://t.co/tHOnZLcUXg",
420,0.0,0.0,1.0,0.0,NY Times,"RT @NYTNational: ‚ö°Ô∏è ‚ÄúAudio Series: ‚ÄãCharm City‚Äù

https://t.co/wY7o7Opy3u",
421,0.0,0.0,1.0,0.0,NY Times,"Surveillance cameras are an inescapable fixture of the modern city. But in Newark, the police have taken an extraor‚Ä¶ https://t.co/lzw2Eo7eCH",
422,-0.6249,0.212,0.788,0.0,NY Times,We demolish the lame excuses British executives gave for the lack of women on corporate boards. Read the latest Gen‚Ä¶ https://t.co/jhJiWjGPGd,
423,0.4019,0.065,0.791,0.144,NY Times,"With Kyrie Irving's popularity has come controversy: He has questioned several times whether the Earth is round, an‚Ä¶ https://t.co/XuXD1Q2qPy",
424,-0.2732,0.114,0.829,0.057,NY Times,"In @NYTOpinion 

Daniel Patterson writes, ""No matter how famous and seemingly unapproachable he became in the world‚Ä¶ https://t.co/BQnrKYPvyI",
425,-0.7351,0.324,0.676,0.0,NY Times,Gun ranges and gun shops in several states have declared themselves ‚ÄúMuslim-free zones.‚Äù Several Muslim gun owners‚Ä¶ https://t.co/GOwpHFkLks,
426,0.8126,0.0,0.709,0.291,NY Times,"In @NYTOpinion 

Musa Okwonga writes, ""Here we are again on the eve of the planet‚Äôs greatest traveling festival: Ye‚Ä¶ https://t.co/nBxJnGwvsF",
427,0.0,0.0,1.0,0.0,NY Times,Have questions about the Belmont Stakes and the Triple Crown? We have your answers. https://t.co/GPu2uPlTRV,
428,0.0,0.0,1.0,0.0,NY Times,‚ÄúI talk back to people when they say something about me now because I know even with my condition that I am beautif‚Ä¶ https://t.co/TJmesUhGTL,
429,0.0,0.0,1.0,0.0,NY Times,Science is taking a back seat in policymaking across the Trump administration. The North Korea nuclear talks offer‚Ä¶ https://t.co/hauZtxGqq5,
430,0.0,0.0,1.0,0.0,NY Times,"In his own unorthodox way, Trump has been preparing for this encounter with Kim Jong-Un his entire adult life https://t.co/VlXkCmqssL",
431,0.0,0.0,1.0,0.0,NY Times,"With his America First agenda, Trump has driven a wedge between the U.S. and its allies, ceding leadership and its‚Ä¶ https://t.co/sfyYD4o3hM",
432,0.128,0.103,0.775,0.122,NY Times,"RT @TheSteinLine: All the tales ‚Äî legacy, free agency, injury ‚Äî from what might (or might not) have been LeBron James‚Äô last night as a Clev‚Ä¶",
433,0.0,0.0,1.0,0.0,NY Times,California has dug in at the front lines of the resistance to President Trump. And then there is Orange County. https://t.co/BSVW14kSmd,
434,0.0,0.0,1.0,0.0,NY Times,"What to watch, what to read and what to listen to by and about Anthony Bourdain https://t.co/TR5noBS7Ee",
435,-0.0772,0.151,0.711,0.138,NY Times,"Who‚Äôs right, Elon Musk or Mark Zuckerberg? Is supersmart artificial intelligence a potential threat to humans, or a‚Ä¶ https://t.co/8zay2rbSEG",
436,0.4767,0.0,0.853,0.147,NY Times,"RT @stanfordc: I‚Äôm proud to say that there has never been a swimsuit portion of the news quiz 
https://t.co/e1Z8wlhYvy https://t.co/4YJ7UrG‚Ä¶",
437,0.0,0.0,1.0,0.0,NY Times,"30 billion gallons of Hawaiian lava, as seen from the ground and space https://t.co/vz9qQOCYS9",
438,0.2732,0.107,0.741,0.152,NY Times,She wanted to celebrate their marriage in lavish style. He had something less lofty in mind. A lovers‚Äô battle ensue‚Ä¶ https://t.co/RnvIaxRtRP,
439,-0.5994,0.187,0.813,0.0,NY Times,"Anthony Bourdain's sudden death at Le Chambard, a hotel in the village of Kaysersberg in northeastern France, sent‚Ä¶ https://t.co/V5gRoZKGQN",
440,0.743,0.0,0.704,0.296,NY Times,"@jimdwyernyt ""The supply of excellent schools cannot meet the demands of capable students, whatever their backgroun‚Ä¶ https://t.co/KF39XvdUjJ",
441,0.3612,0.0,0.872,0.128,NY Times,"@jimdwyernyt The specialized schools are far from bastions of privilege, dominated by immigrants or the children of‚Ä¶ https://t.co/DWOoiPghSz",
442,0.3612,0.0,0.884,0.116,NY Times,"In New York‚Äôs ragged history of race, class, privilege and equity, the city‚Äôs specialized high schools have long be‚Ä¶ https://t.co/HL2yw2JmHz",
443,-0.7269,0.253,0.747,0.0,NY Times,Breaking News: President Trump threatened to end trade with G-7 nations that he said use unfair practices. ‚ÄúWe‚Äôre l‚Ä¶ https://t.co/uI5rOmZ76O,
444,0.2023,0.0,0.847,0.153,NY Times,"Flaky mounds of quick bread, golden brown, with a significant crumb https://t.co/wbMRgvySpY",
445,0.6369,0.092,0.669,0.239,NY Times,Breaking News: Simona Halep of Romania beat Sloane Stephens to win the French Open. It was the first Grand Slam tit‚Ä¶ https://t.co/3sFwWkJ353,
446,0.7269,0.0,0.711,0.289,NY Times,Her $1 million gift left educators asking: How was one teacher able to save so much money?https://t.co/Vv8fhgbwWA,
447,-0.875,0.321,0.679,0.0,NY Times,"If you or someone else you know is having thoughts of suicide, call the National Suicide Prevention Lifeline at 1-8‚Ä¶ https://t.co/5kOUYV8c3u",
448,-0.6705,0.191,0.809,0.0,NY Times,New federal data shows that suicide rates have been increasing for years in almost every state and across demograph‚Ä¶ https://t.co/g6znmjYQl5,
449,-0.0258,0.14,0.723,0.136,NY Times,"After failing to repeal the Affordable Care Act, the Trump administration is seizing on a different strategy for di‚Ä¶ https://t.co/Low8zwBsVL",
450,0.5106,0.0,0.845,0.155,NY Times,"Our experts weighed in on the contenders, including the Triple Crown hopeful Justify, for the 150th Belmont Stakes https://t.co/xi9TIoAxWb",
451,0.0,0.0,1.0,0.0,NY Times,"RT @NYTMetro: ‚ÄúThis is the deportation machine in full effect, and everyone should wake up to how American citizens and their families are‚Ä¶",
452,0.6369,0.0,0.84,0.16,NY Times,"RT @caityweaver: The strangest and best recommendation I will ever make to you is: Listen to the same 4 podcast appearances by ""Sex and the‚Ä¶",
453,-0.296,0.136,0.864,0.0,NY Times,Pope Tells Oil Executives to Act on Climate: ‚ÄòThere Is No Time to Lose‚Äô https://t.co/jpXdOMmBOf,
454,0.0,0.0,1.0,0.0,NY Times,Elizabeth Warren and a Scholarly Debate Over Medical Bankruptcy That Won‚Äôt Go Away https://t.co/mbz6wvuSUO,
455,0.4574,0.0,0.501,0.499,NY Times,RT @NYTStyles: Parties! https://t.co/MdgG2e1xjI,
456,0.7906,0.0,0.667,0.333,NY Times,"RT @nytimesbusiness: ""Wealth was about being able to create the change you wish to see in the world.‚Äù https://t.co/KoQCO5Iy1y",
457,0.0,0.0,1.0,0.0,NY Times,An exhibition in London examines the feelings people harbor about their teeth. Here's a look at some of the most cu‚Ä¶ https://t.co/KRz76xwrXq,
458,0.5859,0.0,0.787,0.213,NY Times,RT @NYTSports: Need a winner for the Belmont Stakes? @MHoppertNYT and @joedrape have you covered: https://t.co/44joWHhuTm,
459,-0.296,0.216,0.784,0.0,NY Times,Why Cities Can‚Äôt Stop Poaching From One Another https://t.co/X1SeTjbqKs,
460,-0.296,0.091,0.909,0.0,NY Times,RT @nytimesworld: Austrian officials have ordered seven mosques to close and may refuse dozens of imams the right to reside in the country‚Ä¶,
461,0.0,0.0,1.0,0.0,NY Times,RT @nytrealestate: A quick guide to what you need to get your first apartment in New York City https://t.co/NQYV03Xkyn,
462,-0.3182,0.277,0.723,0.0,NY Times,Men‚Äôs Fashion Week Loses Some Luster https://t.co/TCj0nbeFMj,
463,-0.8074,0.356,0.644,0.0,NY Times,"Inside New York‚Äôs dollar van wars: strict regulations, low margins and a constant fight with rogue van drivers https://t.co/kiAEpdxkgV",
464,0.0,0.0,1.0,0.0,NY Times,"RT @NYTMetro: On the stoop that was his perch, a requiem for the mayor of West 83rd Street, in Manhattan. https://t.co/qRN1VlPo1t",
465,0.3612,0.0,0.783,0.217,NY Times,"Charlotte Fox, 61, Trailblazing Alpinist and Everest Survivor, Dies https://t.co/nM5gpQdLhB",
466,0.4404,0.0,0.707,0.293,NY Times,A Good Appetite: Chicken Milanese Has Its Moment https://t.co/Rhco2hq6mS,
467,0.0,0.0,1.0,0.0,NY Times,The New York Times obituary for Anthony Bourdain https://t.co/D697EnEWQX,
468,0.6369,0.0,0.833,0.167,NY Times,RT @NYTmag: 24 hours. 23 photographers. One city. One topic: Love. Watch the making of this issue https://t.co/s2uND5xgVs and see the full‚Ä¶,
469,0.25,0.0,0.895,0.105,NY Times,The recent volcanic eruptions in Hawaii and Guatemala are a reminder that not all volcanoes are created equal https://t.co/M7sNdtwIzJ,
470,0.5267,0.0,0.855,0.145,NY Times,"For the 3rd time in 4 seasons, and for the 2nd year in a row, the Golden State Warriors are NBA champions https://t.co/r7NgjH0nbf",
471,-0.1531,0.129,0.762,0.109,NY Times,"RT @nytimestech: The Chinese electronics maker ZTE has survived its brush with death. Now, it has to figure out how to stay in business. He‚Ä¶",
472,0.6124,0.0,0.722,0.278,NY Times,"RT @nytrealestate: You may like the contractor, but does the contractor like you back? https://t.co/kPShW4JONu",
473,0.5994,0.049,0.792,0.158,NY Times,"RT @NYTmag: On a rainy Saturday morning on May 19, @philip_nyc captured love in the middle of Times Square. See more from our #NYTLoveCity‚Ä¶",
474,-0.4215,0.286,0.714,0.0,NY Times,How I Used Art to Get Through Trauma https://t.co/7N5fzAxLoe,
475,0.0,0.0,1.0,0.0,NY Times,"The NYT review of ""Ocean's 8"" https://t.co/flFaRzpyzr",
476,0.5106,0.0,0.752,0.248,NY Times,She‚Äôs photographed Broadway for years. Now Broadway is honoring her. https://t.co/eI7sfheNWI,
477,-0.7579,0.303,0.622,0.075,NY Times,The killing in Germany comes on top of a deepening scandal and calls for a full-blown parliamentary investigation o‚Ä¶ https://t.co/0p5qfKyP2V,
478,-0.6249,0.17,0.83,0.0,NY Times,"RT @nytimesworld: More than 140 miles away and three decades after the Chernobyl disaster, some cows still make radioactive milk https://t.‚Ä¶",
479,0.8097,0.0,0.706,0.294,NY Times,RT @nytopinion: This weekend we are sharing some pieces on music. Think of it as a little inspiration to appreciate the soundtrack of your‚Ä¶,
480,0.0,0.0,1.0,0.0,NY Times,"RT @nytimesbusiness: HBO is making a pilot for one of the five ""Game of Thrones"" prequels it has in development https://t.co/EMeqQvEdHQ",
481,-0.25,0.232,0.595,0.173,NY Times,"Taliban Announce Brief Cease-Fire, Offering Afghans Hope for Lull in War https://t.co/IlMkkFHSCM",
482,0.7184,0.077,0.662,0.261,NY Times,"RT @NYTMetro: Underneath the umbrella: a fascinating photo portfolio of the lifeguards of Jones Beach, in all their stoic, bored, heroic gl‚Ä¶",
483,0.0,0.0,1.0,0.0,NY Times,"China‚Äôs ZTE‚Äî a little-known electronics maker‚Äî became an unlikely political football, then an even unlikelier objec‚Ä¶ https://t.co/APxvWFepXB",
484,0.357,0.0,0.879,0.121,NY Times,"Andrew Rannells: ""I didn't feel jealous; I felt driven. I wanted to be one of those people on the Tonys."" https://t.co/i3LX0WgQBb",
485,0.5859,0.0,0.743,0.257,NY Times,Here's who we think will win the Tonys (and who should) https://t.co/ZlqqPQRtvt,
486,0.2732,0.168,0.584,0.248,NY Times,Justice Dept. Requests Delay if DACA Injunction Is Issued https://t.co/HB7h98gENy,
487,0.0,0.0,1.0,0.0,NY Times,"RT @nytpolitics: The president said that Melania Trump ‚Äúwanted to go‚Äù with him to the Group of 7 summit meeting in Quebec, but was staying‚Ä¶",
488,-0.2023,0.163,0.708,0.129,NY Times,"50 years after his death, friends, aides and journalists recall Robert F. Kennedy's last campaign in California, hi‚Ä¶ https://t.co/bAveWEnYW5",
489,-0.34,0.107,0.893,0.0,NY Times,"In Canada, many observers were calling it the ""G-6 plus 1"" ‚Äî with President Trump being cast as the irrational, ira‚Ä¶ https://t.co/AUbzhnVmGY",
490,-0.0387,0.052,0.948,0.0,NY Times,"RT @kenvogel: MANAFORT paid KONSTANTIN KILIMNIK $531k in 2013 &amp; 2014, according to lobbying records, but that covers only a fraction of the‚Ä¶",
491,-0.5574,0.322,0.53,0.148,NY Times,What should you do when a loved one is severely depressed? Don‚Äôt underestimate the power of showing up. https://t.co/yqRyXmSWiM,
492,0.1027,0.12,0.741,0.139,NY Times,"""This should be a grave concern to anyone who cares about an informed citizenry,"" said Eileen Murphy, a spokeswoman‚Ä¶ https://t.co/iwMg5Ng7tl",
493,0.2263,0.0,0.905,0.095,NY Times,RT @NYTSports: Kevin Durant has been named the MVP of the NBA finals for the second straight year. https://t.co/xSARJQ5MlN,
494,0.0,0.0,1.0,0.0,NY Times,The U.S. just beat out China to develop the world‚Äôs fastest supercomputer. You‚Äôd need 6.3 billion years to match wh‚Ä¶ https://t.co/DMGoDUacwv,
495,-0.1027,0.065,0.935,0.0,NY Times,"RT @SopanDeb: **NEW**: In a lengthy (and remarkable) interview with Kyrie Irving, he repeatedly questioned whether the Earth is flat or rou‚Ä¶",
496,0.5719,0.0,0.837,0.163,NY Times,"Breaking News: The Golden State Warriors have won their third N.B.A. title in four years, sweeping LeBron James and‚Ä¶ https://t.co/jbvTIZsZrD",
497,0.3182,0.13,0.648,0.223,NY Times,"At a moment of tumult over trade and nuclear security, President Trump is making friends with America‚Äôs enemies and‚Ä¶ https://t.co/JtgvrhRvJ6",
498,0.7906,0.045,0.682,0.273,NY Times,"Discover an ""irony free zone where everything is beautiful and nothing hurts.""

What to watch, what to read and wha‚Ä¶ https://t.co/gMtAyyRjDD",
499,0.0,0.0,1.0,0.0,NY Times,President Trump suggested the Group of 7 nations reinstate Russia 4 years after it was cast out for annexing Crimea https://t.co/ZQQDfGp5GN,
